1,249,395,miss_piggy.png,846,781
2,220,441,miss_piggy.png,846,781
3,200,486,miss_piggy.png,846,781
4,202,547,miss_piggy.png,846,781
5,225,584,miss_piggy.png,846,781
6,257,616,miss_piggy.png,846,781
7,305,652,miss_piggy.png,846,781
8,347,671,miss_piggy.png,846,781
9,408,689,miss_piggy.png,846,781
10,486,679,miss_piggy.png,846,781
11,531,649,miss_piggy.png,846,781
12,568,621,miss_piggy.png,846,781
13,607,584,miss_piggy.png,846,781
14,618,558,miss_piggy.png,846,781
15,618,526,miss_piggy.png,846,781
16,597,466,miss_piggy.png,846,781
17,583,411,miss_piggy.png,846,781
49,307,566,miss_piggy.png,846,781
50,336,553,miss_piggy.png,846,781
51,368,552,miss_piggy.png,846,781
52,405,553,miss_piggy.png,846,781
53,436,555,miss_piggy.png,846,781
54,465,558,miss_piggy.png,846,781
55,504,568,miss_piggy.png,846,781
56,496,599,miss_piggy.png,846,781
57,450,626,miss_piggy.png,846,781
58,405,639,miss_piggy.png,846,781
59,347,620,miss_piggy.png,846,781
60,323,594,miss_piggy.png,846,781
61,365,574,miss_piggy.png,846,781
62,333,571,miss_piggy.png,846,781
63,400,574,miss_piggy.png,846,781
64,439,578,miss_piggy.png,846,781
65,481,579,miss_piggy.png,846,781
66,447,608,miss_piggy.png,846,781
67,404,616,miss_piggy.png,846,781
68,355,602,miss_piggy.png,846,781